old_path,new_path
../kestra/core/src/main/java/io/kestra/core/models/flows/Flow.java,data/run_run_20231212_130935/train/1_Flow.java
../kestra/core/src/main/java/io/kestra/core/models/flows/FlowWithException.java,data/run_run_20231212_130935/train/2_FlowWithException.java
../kestra/jdbc/src/main/java/io/kestra/jdbc/JooqSettings.java,data/run_run_20231212_130935/train/3_JooqSettings.java
../kestra/core/src/main/java/io/kestra/core/metrics/MetricConfig.java,data/run_run_20231212_130935/train/4_MetricConfig.java
../kestra/core/src/main/java/io/kestra/core/models/hierarchies/AbstractGraph.java,data/run_run_20231212_130935/train/5_AbstractGraph.java
../kestra/jdbc-postgres/src/main/java/io/kestra/runner/postgres/PostgresExecutionQueuedStorage.java,data/run_run_20231212_130935/train/6_PostgresExecutionQueuedStorage.java
../kestra/repository-memory/src/main/java/io/kestra/repository/memory/MemoryLogRepository.java,data/run_run_20231212_130935/train/7_MemoryLogRepository.java
../kestra/core/src/main/java/io/kestra/core/secret/SecretPluginInterface.java,data/run_run_20231212_130935/train/8_SecretPluginInterface.java
../kestra/core/src/main/java/io/kestra/core/tasks/flows/Template.java,data/run_run_20231212_130935/train/9_Template.java
../kestra/webserver/src/main/java/io/kestra/webserver/controllers/domain/MarketplaceRequestType.java,data/run_run_20231212_130935/train/10_MarketplaceRequestType.java
../kestra/core/src/main/java/io/kestra/core/tasks/flows/Pause.java,data/run_run_20231212_130935/train/11_Pause.java
../kestra/core/src/main/java/io/kestra/core/topologies/FlowTopologyService.java,data/run_run_20231212_130935/train/12_FlowTopologyService.java
../kestra/core/src/main/java/io/kestra/core/models/executions/TaskRun.java,data/run_run_20231212_130935/train/13_TaskRun.java
../kestra/core/src/main/java/io/kestra/core/models/tasks/common/FetchOutput.java,data/run_run_20231212_130935/train/14_FetchOutput.java
../kestra/core/src/main/java/io/kestra/core/repositories/FlowRepositoryInterface.java,data/run_run_20231212_130935/train/15_FlowRepositoryInterface.java
../kestra/cli/src/main/java/io/kestra/cli/commands/servers/StandAloneCommand.java,data/run_run_20231212_130935/train/16_StandAloneCommand.java
../kestra/cli/src/main/java/io/kestra/cli/commands/sys/database/DatabaseCommand.java,data/run_run_20231212_130935/train/17_DatabaseCommand.java
../kestra/core/src/main/java/io/kestra/core/plugins/PluginResolver.java,data/run_run_20231212_130935/train/18_PluginResolver.java
../kestra/jdbc-mysql/src/main/java/io/kestra/repository/mysql/MysqlMetricRepository.java,data/run_run_20231212_130935/train/19_MysqlMetricRepository.java
../kestra/jdbc-postgres/src/main/java/io/kestra/runner/postgres/PostgresExecutionDelayStorage.java,data/run_run_20231212_130935/train/20_PostgresExecutionDelayStorage.java
../kestra/cli/src/main/java/io/kestra/cli/commands/flows/FlowDotCommand.java,data/run_run_20231212_130935/train/21_FlowDotCommand.java
../kestra/cli/src/main/java/io/kestra/cli/commands/configs/sys/ConfigPropertiesCommand.java,data/run_run_20231212_130935/train/22_ConfigPropertiesCommand.java
../kestra/core/src/main/java/io/kestra/core/models/triggers/AbstractTrigger.java,data/run_run_20231212_130935/train/23_AbstractTrigger.java
../kestra/cli/src/main/java/io/kestra/cli/plugins/PluginDownloader.java,data/run_run_20231212_130935/train/24_PluginDownloader.java
../kestra/core/src/main/java/io/kestra/core/runners/pebble/functions/ReadFileFunction.java,data/run_run_20231212_130935/train/25_ReadFileFunction.java
../kestra/core/src/main/java/io/kestra/core/models/flows/input/FileInput.java,data/run_run_20231212_130935/train/26_FileInput.java
../kestra/cli/src/main/java/io/kestra/cli/commands/servers/ExecutorCommand.java,data/run_run_20231212_130935/train/27_ExecutorCommand.java
../kestra/core/src/main/java/io/kestra/core/validations/FlowValidation.java,data/run_run_20231212_130935/train/28_FlowValidation.java
../kestra/core/src/main/java/io/kestra/core/models/flows/Input.java,data/run_run_20231212_130935/train/29_Input.java
../kestra/jdbc-h2/src/main/java/io/kestra/runner/h2/H2ExecutionDelayStorage.java,data/run_run_20231212_130935/train/30_H2ExecutionDelayStorage.java
../kestra/core/src/main/java/io/kestra/core/models/hierarchies/GraphClusterEnd.java,data/run_run_20231212_130935/train/31_GraphClusterEnd.java
../kestra/core/src/main/java/io/kestra/core/runners/handlebars/helpers/MiscHelper.java,data/run_run_20231212_130935/train/32_MiscHelper.java
../kestra/webserver/src/test/java/io/kestra/core/plugins/test/SuperclassTask.java,data/run_run_20231212_130935/train/33_SuperclassTask.java
../kestra/core/src/main/java/io/kestra/core/models/executions/MetricEntry.java,data/run_run_20231212_130935/train/34_MetricEntry.java
../kestra/cli/src/main/java/io/kestra/cli/commands/sys/database/DatabaseMigrateCommand.java,data/run_run_20231212_130935/train/35_DatabaseMigrateCommand.java
../kestra/core/src/main/java/io/kestra/core/exceptions/IllegalConditionEvaluation.java,data/run_run_20231212_130935/train/36_IllegalConditionEvaluation.java
../kestra/runner-memory/src/main/java/io/kestra/runner/memory/MemoryRunner.java,data/run_run_20231212_130935/train/37_MemoryRunner.java
../kestra/core/src/main/java/io/kestra/core/models/hierarchies/GraphTask.java,data/run_run_20231212_130935/train/38_GraphTask.java
../kestra/runner-memory/src/main/java/io/kestra/runner/memory/MemoryQueue.java,data/run_run_20231212_130935/train/39_MemoryQueue.java
../kestra/core/src/main/java/io/kestra/core/runners/RunnerInterface.java,data/run_run_20231212_130935/train/40_RunnerInterface.java
../kestra/core/src/main/java/io/kestra/core/runners/pebble/filters/FlattenFilter.java,data/run_run_20231212_130935/train/41_FlattenFilter.java
../kestra/core/src/test/java/io/kestra/core/Helpers.java,data/run_run_20231212_130935/train/42_Helpers.java
../kestra/core/src/main/java/io/kestra/core/models/tasks/Output.java,data/run_run_20231212_130935/train/43_Output.java
../kestra/webserver/src/main/java/io/kestra/webserver/controllers/NamespaceFileController.java,data/run_run_20231212_130935/train/44_NamespaceFileController.java
../kestra/jdbc/src/main/java/io/kestra/jdbc/repository/AbstractJdbcFlowTopologyRepository.java,data/run_run_20231212_130935/train/45_AbstractJdbcFlowTopologyRepository.java
../kestra/core/src/main/java/io/kestra/core/services/PluginService.java,data/run_run_20231212_130935/train/46_PluginService.java
../kestra/jdbc-mysql/src/main/java/io/kestra/repository/mysql/MysqlSettingRepository.java,data/run_run_20231212_130935/train/47_MysqlSettingRepository.java
../kestra/core/src/main/java/io/kestra/core/models/hierarchies/GraphTrigger.java,data/run_run_20231212_130935/train/48_GraphTrigger.java
../kestra/core/src/main/java/io/kestra/core/tasks/storages/Purge.java,data/run_run_20231212_130935/train/49_Purge.java
../kestra/core/src/main/java/io/kestra/core/tasks/storages/Split.java,data/run_run_20231212_130935/train/50_Split.java
../kestra/cli/src/main/java/io/kestra/cli/commands/namespaces/files/NamespaceFilesCommand.java,data/run_run_20231212_130935/train/51_NamespaceFilesCommand.java
../kestra/core/src/main/java/io/kestra/core/runners/handlebars/helpers/JqHelper.java,data/run_run_20231212_130935/train/52_JqHelper.java
../kestra/jdbc-mysql/src/main/java/io/kestra/runner/mysql/MysqlExecutionQueuedStorage.java,data/run_run_20231212_130935/train/53_MysqlExecutionQueuedStorage.java
../kestra/core/src/main/java/io/kestra/core/models/conditions/types/FlowNamespaceCondition.java,data/run_run_20231212_130935/train/54_FlowNamespaceCondition.java
../kestra/core/src/main/java/io/kestra/core/serializers/helpers/FileTemplateLoader.java,data/run_run_20231212_130935/train/55_FileTemplateLoader.java
../kestra/cli/src/main/java/io/kestra/cli/services/StartupHookInterface.java,data/run_run_20231212_130935/train/56_StartupHookInterface.java
../kestra/core/src/main/java/io/kestra/core/plugins/ExternalPlugin.java,data/run_run_20231212_130935/train/57_ExternalPlugin.java
../kestra/core/src/main/java/io/kestra/core/models/tasks/InputFilesInterface.java,data/run_run_20231212_130935/train/58_InputFilesInterface.java
../kestra/jdbc-h2/src/main/java/io/kestra/repository/h2/H2LogRepository.java,data/run_run_20231212_130935/train/59_H2LogRepository.java
../kestra/core/src/main/java/io/kestra/core/models/topologies/FlowTopology.java,data/run_run_20231212_130935/train/60_FlowTopology.java
../kestra/core/src/main/java/io/kestra/core/models/tasks/Task.java,data/run_run_20231212_130935/train/61_Task.java
../kestra/cli/src/main/java/io/kestra/cli/commands/servers/WorkerCommand.java,data/run_run_20231212_130935/train/62_WorkerCommand.java
../kestra/core/src/main/java/io/kestra/core/models/flows/input/JsonInput.java,data/run_run_20231212_130935/train/63_JsonInput.java
../kestra/core/src/main/java/io/kestra/core/exceptions/MissingRequiredInput.java,data/run_run_20231212_130935/train/64_MissingRequiredInput.java
../kestra/webserver/src/main/java/io/kestra/webserver/responses/PagedResults.java,data/run_run_20231212_130935/train/65_PagedResults.java
../kestra/cli/src/main/java/io/kestra/cli/commands/flows/namespaces/FlowNamespaceUpdateCommand.java,data/run_run_20231212_130935/train/66_FlowNamespaceUpdateCommand.java
../kestra/core/src/main/java/io/kestra/core/models/triggers/types/Flow.java,data/run_run_20231212_130935/train/67_Flow.java
../kestra/jdbc-postgres/src/main/java/io/kestra/runner/postgres/PostgresQueueFactory.java,data/run_run_20231212_130935/train/68_PostgresQueueFactory.java
../kestra/core/src/main/java/io/kestra/core/models/conditions/types/HasRetryAttemptCondition.java,data/run_run_20231212_130935/train/69_HasRetryAttemptCondition.java
../kestra/core/src/main/java/io/kestra/core/tasks/executions/Fail.java,data/run_run_20231212_130935/train/70_Fail.java
../kestra/webserver/src/main/java/io/kestra/webserver/controllers/TriggerController.java,data/run_run_20231212_130935/train/71_TriggerController.java
../kestra/webserver/src/main/java/io/kestra/webserver/controllers/TemplateController.java,data/run_run_20231212_130935/train/72_TemplateController.java
../kestra/webserver/src/main/java/io/kestra/webserver/utils/RequestUtils.java,data/run_run_20231212_130935/train/73_RequestUtils.java
../kestra/core/src/main/java/io/kestra/core/services/WorkerInstanceService.java,data/run_run_20231212_130935/train/74_WorkerInstanceService.java
../kestra/core/src/main/java/io/kestra/core/serializers/ListOrMapOfLabelSerializer.java,data/run_run_20231212_130935/train/75_ListOrMapOfLabelSerializer.java
../kestra/webserver/src/main/java/io/kestra/webserver/Application.java,data/run_run_20231212_130935/train/76_Application.java
../kestra/core/src/main/java/io/kestra/core/tasks/flows/ForEachItem.java,data/run_run_20231212_130935/train/77_ForEachItem.java
../kestra/core/src/main/java/io/kestra/core/models/executions/ExecutionKilled.java,data/run_run_20231212_130935/train/78_ExecutionKilled.java
../kestra/core/src/main/java/io/kestra/core/repositories/TriggerRepositoryInterface.java,data/run_run_20231212_130935/train/79_TriggerRepositoryInterface.java
../kestra/jdbc/src/main/java/io/kestra/jdbc/repository/AbstractJdbcMetricRepository.java,data/run_run_20231212_130935/train/80_AbstractJdbcMetricRepository.java
../kestra/core/src/main/java/io/kestra/core/runners/WorkerTriggerResult.java,data/run_run_20231212_130935/train/81_WorkerTriggerResult.java
../kestra/core/src/main/java/io/kestra/core/serializers/JacksonMapper.java,data/run_run_20231212_130935/train/82_JacksonMapper.java
../kestra/core/src/main/java/io/kestra/core/models/triggers/multipleflows/MultipleConditionWindow.java,data/run_run_20231212_130935/train/83_MultipleConditionWindow.java
../kestra/core/src/main/java/io/kestra/core/models/tasks/OutputFilesInterface.java,data/run_run_20231212_130935/train/84_OutputFilesInterface.java
../kestra/cli/src/main/java/io/kestra/cli/commands/templates/namespaces/TemplateNamespaceCommand.java,data/run_run_20231212_130935/train/85_TemplateNamespaceCommand.java
../kestra/core/src/main/java/io/kestra/core/models/storage/FileMetas.java,data/run_run_20231212_130935/train/86_FileMetas.java
../kestra/core/src/main/java/io/kestra/core/models/flows/input/StringInput.java,data/run_run_20231212_130935/train/87_StringInput.java
../kestra/jdbc/src/main/java/io/kestra/jdbc/repository/AbstractJdbcWorkerInstanceRepository.java,data/run_run_20231212_130935/train/88_AbstractJdbcWorkerInstanceRepository.java
../kestra/cli/src/main/java/io/kestra/cli/commands/plugins/PluginDocCommand.java,data/run_run_20231212_130935/train/89_PluginDocCommand.java
../kestra/core/src/main/java/io/kestra/core/serializers/ListOrMapOfLabelDeserializer.java,data/run_run_20231212_130935/train/90_ListOrMapOfLabelDeserializer.java
../kestra/core/src/main/java/io/kestra/core/models/tasks/retrys/AbstractRetry.java,data/run_run_20231212_130935/train/91_AbstractRetry.java
../kestra/webserver/src/main/java/io/kestra/webserver/filter/AuthenticationFilter.java,data/run_run_20231212_130935/train/92_AuthenticationFilter.java
../kestra/core/src/main/java/io/kestra/core/tasks/states/AbstractState.java,data/run_run_20231212_130935/train/93_AbstractState.java
../kestra/cli/src/main/java/io/kestra/cli/commands/flows/FlowValidateCommand.java,data/run_run_20231212_130935/train/94_FlowValidateCommand.java
../kestra/core/src/main/java/io/kestra/core/models/flows/Concurrency.java,data/run_run_20231212_130935/train/95_Concurrency.java
../kestra/core/src/main/java/io/kestra/core/models/collectors/ExecutionUsage.java,data/run_run_20231212_130935/train/96_ExecutionUsage.java
../kestra/core/src/main/java/io/kestra/core/runners/pebble/filters/TimestampNanoFilter.java,data/run_run_20231212_130935/train/97_TimestampNanoFilter.java
../kestra/core/src/main/java/io/kestra/core/serializers/TenantSerializer.java,data/run_run_20231212_130935/train/98_TenantSerializer.java
../kestra/core/src/main/java/io/kestra/core/tasks/flows/If.java,data/run_run_20231212_130935/train/99_If.java
../kestra/core/src/main/java/io/kestra/core/validations/Schedule.java,data/run_run_20231212_130935/train/100_Schedule.java
../kestra/core/src/main/java/io/kestra/core/docs/InputType.java,data/run_run_20231212_130935/train/101_InputType.java
../kestra/jdbc-postgres/src/main/java/io/kestra/repository/postgres/PostgresRepository.java,data/run_run_20231212_130935/train/102_PostgresRepository.java
../kestra/core/src/main/java/io/kestra/core/tasks/storages/package-info.java,data/run_run_20231212_130935/train/103_package-info.java
../kestra/jdbc-postgres/src/main/java/io/kestra/repository/postgres/PostgresWorkerInstanceRepository.java,data/run_run_20231212_130935/train/104_PostgresWorkerInstanceRepository.java
../kestra/jdbc-mysql/src/main/java/io/kestra/runner/mysql/MysqlWorkerJobQueue.java,data/run_run_20231212_130935/train/105_MysqlWorkerJobQueue.java
../kestra/repository-memory/src/main/java/io/kestra/repository/memory/MemoryFlowTopologyRepository.java,data/run_run_20231212_130935/train/106_MemoryFlowTopologyRepository.java
../kestra/core/src/main/java/io/kestra/core/services/ConditionService.java,data/run_run_20231212_130935/train/107_ConditionService.java
../kestra/core/src/main/java/io/kestra/core/runners/WorkerTriggerRunning.java,data/run_run_20231212_130935/train/108_WorkerTriggerRunning.java
../kestra/jdbc-postgres/src/main/java/io/kestra/repository/postgres/PostgresLogRepository.java,data/run_run_20231212_130935/train/109_PostgresLogRepository.java
../kestra/jdbc-mysql/src/main/java/io/kestra/repository/mysql/MysqlWorkerJobRunningRepository.java,data/run_run_20231212_130935/train/110_MysqlWorkerJobRunningRepository.java
../kestra/core/src/main/java/io/kestra/core/models/conditions/types/OrCondition.java,data/run_run_20231212_130935/train/111_OrCondition.java
../kestra/core/src/main/java/io/kestra/core/runners/handlebars/helpers/EvalHelper.java,data/run_run_20231212_130935/train/112_EvalHelper.java
../kestra/core/src/main/java/io/kestra/core/tasks/states/Get.java,data/run_run_20231212_130935/train/113_Get.java
../kestra/core/src/main/java/io/kestra/core/runners/handlebars/helpers/OtherBooleansHelper.java,data/run_run_20231212_130935/train/114_OtherBooleansHelper.java
../kestra/core/src/main/java/io/kestra/core/models/tasks/NamespaceFilesInterface.java,data/run_run_20231212_130935/train/115_NamespaceFilesInterface.java
../kestra/core/src/main/java/io/kestra/core/runners/WorkerJobRunning.java,data/run_run_20231212_130935/train/116_WorkerJobRunning.java
../kestra/storage-local/src/main/java/io/kestra/storage/local/LocalFileAttributes.java,data/run_run_20231212_130935/train/117_LocalFileAttributes.java
../kestra/core/src/main/java/io/kestra/core/models/templates/TemplateSource.java,data/run_run_20231212_130935/train/118_TemplateSource.java
../kestra/jdbc-postgres/src/main/java/io/kestra/runner/postgres/PostgresWorkerTriggerResultQueue.java,data/run_run_20231212_130935/train/119_PostgresWorkerTriggerResultQueue.java
../kestra/core/src/test/java/io/kestra/core/tasks/test/Sleep.java,data/run_run_20231212_130935/train/120_Sleep.java
../kestra/jdbc/src/main/java/io/kestra/jdbc/runner/AbstractJdbcExecutionDelayStorage.java,data/run_run_20231212_130935/train/121_AbstractJdbcExecutionDelayStorage.java
../kestra/jdbc-h2/src/main/java/io/kestra/repository/h2/H2WorkerJobRunningRepository.java,data/run_run_20231212_130935/train/122_H2WorkerJobRunningRepository.java
../kestra/core/src/main/java/io/kestra/core/runners/pebble/filters/TimestampFilter.java,data/run_run_20231212_130935/train/123_TimestampFilter.java
../kestra/webserver/src/main/java/io/micronaut/web/router/resource/VueStaticResourceResolver.java,data/run_run_20231212_130935/train/124_VueStaticResourceResolver.java
../kestra/cli/src/main/java/io/kestra/cli/commands/servers/SchedulerCommand.java,data/run_run_20231212_130935/train/125_SchedulerCommand.java
../kestra/core/src/main/java/io/kestra/core/models/hierarchies/GraphCluster.java,data/run_run_20231212_130935/train/126_GraphCluster.java
../kestra/cli/src/main/java/io/kestra/cli/logger/StackdriverJsonLayout.java,data/run_run_20231212_130935/train/127_StackdriverJsonLayout.java
../kestra/core/src/main/java/io/kestra/core/services/StorageService.java,data/run_run_20231212_130935/train/128_StorageService.java
../kestra/core/src/main/java/io/kestra/core/repositories/TemplateRepositoryInterface.java,data/run_run_20231212_130935/train/129_TemplateRepositoryInterface.java
../kestra/core/src/main/java/io/kestra/core/docs/DocumentationGenerator.java,data/run_run_20231212_130935/train/130_DocumentationGenerator.java
../kestra/core/src/main/java/io/kestra/core/queues/WorkerJobQueueInterface.java,data/run_run_20231212_130935/train/131_WorkerJobQueueInterface.java
../kestra/storage-local/src/main/java/io/kestra/storage/local/LocalConfig.java,data/run_run_20231212_130935/train/132_LocalConfig.java
../kestra/core/src/main/java/io/kestra/core/models/hierarchies/Relation.java,data/run_run_20231212_130935/train/133_Relation.java
../kestra/jdbc-mysql/src/main/java/io/kestra/repository/mysql/MysqlFlowRepository.java,data/run_run_20231212_130935/train/134_MysqlFlowRepository.java
../kestra/jdbc/src/main/java/io/kestra/jdbc/runner/JdbcSchedulerTriggerState.java,data/run_run_20231212_130935/train/135_JdbcSchedulerTriggerState.java
../kestra/core/src/main/java/io/kestra/core/models/validations/ModelValidator.java,data/run_run_20231212_130935/train/136_ModelValidator.java
../kestra/core/src/main/java/io/kestra/core/runners/pebble/filters/NumberFilter.java,data/run_run_20231212_130935/train/137_NumberFilter.java
../kestra/core/src/main/java/io/kestra/core/models/conditions/types/ExecutionNamespaceCondition.java,data/run_run_20231212_130935/train/138_ExecutionNamespaceCondition.java
../kestra/core/src/main/java/io/kestra/core/runners/pebble/filters/ClassNameFilter.java,data/run_run_20231212_130935/train/139_ClassNameFilter.java
../kestra/core/src/main/java/io/kestra/core/runners/pebble/functions/SecretFunction.java,data/run_run_20231212_130935/train/140_SecretFunction.java
../kestra/core/src/main/java/io/kestra/core/docs/ClassInputDocumentation.java,data/run_run_20231212_130935/train/141_ClassInputDocumentation.java
../kestra/jdbc-postgres/src/main/java/io/kestra/runner/postgres/PostgresWorkerTaskExecutionStorage.java,data/run_run_20231212_130935/train/142_PostgresWorkerTaskExecutionStorage.java
../kestra/core/src/main/java/io/kestra/core/models/flows/FlowWithSource.java,data/run_run_20231212_130935/train/143_FlowWithSource.java
../kestra/core/src/main/java/io/kestra/core/models/triggers/Trigger.java,data/run_run_20231212_130935/train/144_Trigger.java
../kestra/core/src/main/java/io/micronaut/retry/intercept/OverrideRetryInterceptor.java,data/run_run_20231212_130935/train/145_OverrideRetryInterceptor.java
../kestra/core/src/main/java/io/kestra/core/models/Setting.java,data/run_run_20231212_130935/train/146_Setting.java
../kestra/jdbc-postgres/src/main/java/io/kestra/repository/postgres/PostgresExecutionRepositoryService.java,data/run_run_20231212_130935/train/147_PostgresExecutionRepositoryService.java
../kestra/core/src/main/java/io/kestra/core/runners/pebble/filters/SubstringAfterLastFilter.java,data/run_run_20231212_130935/train/148_SubstringAfterLastFilter.java
../kestra/cli/src/main/java/io/kestra/cli/commands/templates/TemplateValidateCommand.java,data/run_run_20231212_130935/train/149_TemplateValidateCommand.java
../kestra/core/src/main/java/io/kestra/core/models/executions/metrics/Counter.java,data/run_run_20231212_130935/train/150_Counter.java
../kestra/core/src/main/java/io/kestra/core/validations/validator/JsonStringValidator.java,data/run_run_20231212_130935/train/151_JsonStringValidator.java
../kestra/webserver/src/test/java/io/kestra/core/plugins/test/DeprecatedTask.java,data/run_run_20231212_130935/train/152_DeprecatedTask.java
../kestra/core/src/main/java/io/kestra/core/models/collectors/Result.java,data/run_run_20231212_130935/train/153_Result.java
../kestra/core/src/main/java/io/kestra/core/models/executions/metrics/MetricAggregation.java,data/run_run_20231212_130935/train/154_MetricAggregation.java
../kestra/core/src/main/java/io/kestra/core/storages/StorageInterface.java,data/run_run_20231212_130935/train/155_StorageInterface.java
../kestra/core/src/main/java/io/kestra/core/models/tasks/ResolvedTask.java,data/run_run_20231212_130935/train/156_ResolvedTask.java
../kestra/cli/src/main/java/io/kestra/cli/commands/namespaces/files/NamespaceFilesUpdateCommand.java,data/run_run_20231212_130935/train/157_NamespaceFilesUpdateCommand.java
../kestra/core/src/main/java/io/kestra/core/services/SkipExecutionService.java,data/run_run_20231212_130935/train/158_SkipExecutionService.java
../kestra/core/src/main/java/io/kestra/core/repositories/WorkerJobRunningRepositoryInterface.java,data/run_run_20231212_130935/train/159_WorkerJobRunningRepositoryInterface.java
../kestra/core/src/main/java/io/kestra/core/serializers/ion/IonModule.java,data/run_run_20231212_130935/train/160_IonModule.java
../kestra/core/src/test/java/io/kestra/core/tasks/test/BadSequential.java,data/run_run_20231212_130935/train/161_BadSequential.java
../kestra/jdbc/src/main/java/io/kestra/jdbc/JdbcWorkerJobQueueService.java,data/run_run_20231212_130935/train/162_JdbcWorkerJobQueueService.java
../kestra/repository-memory/src/main/java/io/kestra/repository/memory/MemoryFlowRepository.java,data/run_run_20231212_130935/train/163_MemoryFlowRepository.java
../kestra/core/src/main/java/io/kestra/core/models/listeners/Listener.java,data/run_run_20231212_130935/train/164_Listener.java
../kestra/jdbc-h2/src/main/java/io/kestra/repository/h2/H2RepositoryEnabled.java,data/run_run_20231212_130935/train/165_H2RepositoryEnabled.java
../kestra/core/src/main/java/io/kestra/core/models/hierarchies/FlowGraph.java,data/run_run_20231212_130935/train/166_FlowGraph.java
../kestra/core/src/main/java/io/kestra/core/tasks/executions/Counts.java,data/run_run_20231212_130935/train/167_Counts.java
../kestra/core/src/main/java/io/kestra/core/tasks/flows/Sequential.java,data/run_run_20231212_130935/train/168_Sequential.java
../kestra/core/src/main/java/io/kestra/core/services/CollectorScheduler.java,data/run_run_20231212_130935/train/169_CollectorScheduler.java
../kestra/webserver/src/main/java/io/kestra/webserver/utils/filepreview/FileRenderBuilder.java,data/run_run_20231212_130935/train/170_FileRenderBuilder.java
../kestra/core/src/test/java/io/kestra/core/repositories/ExecutionFixture.java,data/run_run_20231212_130935/train/171_ExecutionFixture.java
../kestra/core/src/main/java/io/kestra/core/schedulers/SchedulerExecutionWithTrigger.java,data/run_run_20231212_130935/train/172_SchedulerExecutionWithTrigger.java
../kestra/core/src/main/java/io/kestra/core/repositories/LocalFlowRepositoryLoader.java,data/run_run_20231212_130935/train/173_LocalFlowRepositoryLoader.java
../kestra/core/src/main/java/io/kestra/core/models/tasks/RunnableTask.java,data/run_run_20231212_130935/train/174_RunnableTask.java
../kestra/core/src/main/java/io/kestra/core/runners/ExecutionsRunning.java,data/run_run_20231212_130935/train/175_ExecutionsRunning.java
../kestra/core/src/main/java/io/kestra/core/runners/WorkerTrigger.java,data/run_run_20231212_130935/train/176_WorkerTrigger.java
../kestra/core/src/main/java/io/kestra/core/validations/DateFormat.java,data/run_run_20231212_130935/train/177_DateFormat.java
../kestra/core/src/main/java/io/kestra/core/validations/WorkingDirectoryTaskValidation.java,data/run_run_20231212_130935/train/178_WorkingDirectoryTaskValidation.java
../kestra/core/src/main/java/io/kestra/core/tasks/debugs/Return.java,data/run_run_20231212_130935/train/179_Return.java
../kestra/core/src/main/java/io/kestra/core/repositories/FlowTopologyRepositoryInterface.java,data/run_run_20231212_130935/train/180_FlowTopologyRepositoryInterface.java
../kestra/core/src/main/java/io/kestra/core/runners/WorkerJob.java,data/run_run_20231212_130935/train/181_WorkerJob.java
../kestra/core/src/main/java/io/kestra/core/runners/handlebars/helpers/FirstDefinedEvalHelper.java,data/run_run_20231212_130935/train/182_FirstDefinedEvalHelper.java
../kestra/core/src/main/java/io/kestra/core/docs/Schema.java,data/run_run_20231212_130935/train/183_Schema.java
../kestra/core/src/main/java/io/kestra/core/models/executions/ExecutionTrigger.java,data/run_run_20231212_130935/train/184_ExecutionTrigger.java
../kestra/cli/src/main/java/io/kestra/cli/commands/servers/WebServerCommand.java,data/run_run_20231212_130935/train/185_WebServerCommand.java
../kestra/jdbc-postgres/src/main/java/io/kestra/repository/postgres/PostgresRepositoryEnabled.java,data/run_run_20231212_130935/train/186_PostgresRepositoryEnabled.java
../kestra/core/src/main/java/io/kestra/core/utils/DurationOrSizeTrigger.java,data/run_run_20231212_130935/train/187_DurationOrSizeTrigger.java
../kestra/core/src/main/java/io/kestra/core/tasks/states/Set.java,data/run_run_20231212_130935/train/188_Set.java
../kestra/core/src/main/java/io/kestra/core/exceptions/TimeoutExceededException.java,data/run_run_20231212_130935/train/189_TimeoutExceededException.java
../kestra/core/src/main/java/io/kestra/core/services/ExecutionService.java,data/run_run_20231212_130935/train/190_ExecutionService.java
../kestra/jdbc/src/main/java/io/kestra/jdbc/repository/AbstractJdbcFlowRepository.java,data/run_run_20231212_130935/train/191_AbstractJdbcFlowRepository.java
../kestra/core/src/main/java/io/kestra/core/models/SearchResult.java,data/run_run_20231212_130935/train/192_SearchResult.java
../kestra/cli/src/main/java/io/kestra/cli/plugins/RepositoryConfig.java,data/run_run_20231212_130935/train/193_RepositoryConfig.java
../kestra/jdbc/src/main/java/io/kestra/jdbc/repository/AbstractJdbcExecutionRepository.java,data/run_run_20231212_130935/train/194_AbstractJdbcExecutionRepository.java
../kestra/core/src/main/java/io/kestra/core/validations/validator/CronExpressionValidator.java,data/run_run_20231212_130935/train/195_CronExpressionValidator.java
../kestra/runner-memory/src/main/java/io/kestra/runner/memory/MemoryWorkerJobQueue.java,data/run_run_20231212_130935/train/196_MemoryWorkerJobQueue.java
../kestra/core/src/main/java/io/kestra/core/utils/Await.java,data/run_run_20231212_130935/train/197_Await.java
../kestra/repository-memory/src/main/java/io/kestra/repository/memory/MemoryRepositoryEnabled.java,data/run_run_20231212_130935/train/198_MemoryRepositoryEnabled.java
../kestra/jdbc-h2/src/main/java/io/kestra/repository/h2/H2WorkerInstanceRepository.java,data/run_run_20231212_130935/train/199_H2WorkerInstanceRepository.java
../kestra/core/src/main/java/io/kestra/core/runners/pebble/filters/ChunkFilter.java,data/run_run_20231212_130935/train/200_ChunkFilter.java
../kestra/jdbc-h2/src/main/java/io/kestra/runner/h2/H2WorkerTriggerResultQueue.java,data/run_run_20231212_130935/train/201_H2WorkerTriggerResultQueue.java
../kestra/core/src/main/java/io/kestra/core/tasks/states/Delete.java,data/run_run_20231212_130935/train/202_Delete.java
../kestra/webserver/src/main/java/io/kestra/webserver/controllers/StaticFilter.java,data/run_run_20231212_130935/train/203_StaticFilter.java
../kestra/core/src/main/java/io/kestra/core/events/CrudEventType.java,data/run_run_20231212_130935/train/204_CrudEventType.java
../kestra/core/src/main/java/io/kestra/core/docs/PluginIcon.java,data/run_run_20231212_130935/train/205_PluginIcon.java
../kestra/core/src/main/java/io/kestra/core/runners/pebble/ExtensionCustomizer.java,data/run_run_20231212_130935/train/206_ExtensionCustomizer.java
../kestra/jdbc-h2/src/main/java/io/kestra/runner/h2/H2MultipleConditionStorage.java,data/run_run_20231212_130935/train/207_H2MultipleConditionStorage.java
../kestra/core/src/main/java/io/kestra/core/models/hierarchies/SubflowGraphTask.java,data/run_run_20231212_130935/train/208_SubflowGraphTask.java
../kestra/core/src/main/java/io/kestra/core/models/executions/statistics/ExecutionStatistics.java,data/run_run_20231212_130935/train/209_ExecutionStatistics.java
../kestra/jdbc-postgres/src/main/java/io/kestra/repository/postgres/PostgresMetricRepository.java,data/run_run_20231212_130935/train/210_PostgresMetricRepository.java
../kestra/core/src/main/java/io/kestra/core/models/tasks/retrys/Constant.java,data/run_run_20231212_130935/train/211_Constant.java
../kestra/core/src/main/java/io/kestra/core/models/hierarchies/AbstractGraphTask.java,data/run_run_20231212_130935/train/212_AbstractGraphTask.java
../kestra/jdbc/src/main/java/io/kestra/jdbc/JdbcTableConfig.java,data/run_run_20231212_130935/train/213_JdbcTableConfig.java
../kestra/webserver/src/main/java/io/kestra/webserver/filter/MarketplaceFilter.java,data/run_run_20231212_130935/train/214_MarketplaceFilter.java
../kestra/core/src/main/java/io/kestra/core/schedulers/AbstractScheduler.java,data/run_run_20231212_130935/train/215_AbstractScheduler.java
../kestra/core/src/main/java/io/kestra/core/serializers/BeanSerializerFactoryWithGlobalIncludeDefaults.java,data/run_run_20231212_130935/train/216_BeanSerializerFactoryWithGlobalIncludeDefaults.java
../kestra/core/src/main/java/io/kestra/core/plugins/PluginRegistry.java,data/run_run_20231212_130935/train/217_PluginRegistry.java
../kestra/jdbc/src/main/java/io/kestra/jdbc/runner/JdbcQueue.java,data/run_run_20231212_130935/train/218_JdbcQueue.java
../kestra/core/src/main/java/io/kestra/core/runners/pebble/PebbleLruCache.java,data/run_run_20231212_130935/train/219_PebbleLruCache.java
../kestra/core/src/main/java/io/kestra/core/runners/pebble/functions/CurrentEachOutputFunction.java,data/run_run_20231212_130935/train/220_CurrentEachOutputFunction.java
../kestra/webserver/src/main/java/io/kestra/webserver/controllers/domain/IdWithNamespace.java,data/run_run_20231212_130935/train/221_IdWithNamespace.java
../kestra/cli/src/main/java/io/kestra/cli/commands/sys/SysCommand.java,data/run_run_20231212_130935/train/222_SysCommand.java
../kestra/jdbc-postgres/src/main/java/io/kestra/repository/postgres/PostgresWorkerJobRunningRepository.java,data/run_run_20231212_130935/train/223_PostgresWorkerJobRunningRepository.java
../kestra/core/src/main/java/io/kestra/core/docs/DocumentationWithSchema.java,data/run_run_20231212_130935/train/224_DocumentationWithSchema.java
../kestra/cli/src/main/java/io/kestra/cli/commands/namespaces/NamespaceCommand.java,data/run_run_20231212_130935/train/225_NamespaceCommand.java
../kestra/jdbc-postgres/src/main/java/io/kestra/repository/postgres/PostgresSettingRepository.java,data/run_run_20231212_130935/train/226_PostgresSettingRepository.java
../kestra/core/src/main/java/io/kestra/core/models/executions/statistics/Flow.java,data/run_run_20231212_130935/train/227_Flow.java
../kestra/core/src/main/java/io/kestra/core/models/executions/statistics/ExecutionCount.java,data/run_run_20231212_130935/train/228_ExecutionCount.java
../kestra/core/src/main/java/io/kestra/core/models/conditions/types/DayWeekCondition.java,data/run_run_20231212_130935/train/229_DayWeekCondition.java
../kestra/jdbc/src/main/java/io/kestra/jdbc/JdbcConfiguration.java,data/run_run_20231212_130935/train/230_JdbcConfiguration.java
../kestra/core/src/main/java/io/kestra/core/repositories/ExecutionRepositoryInterface.java,data/run_run_20231212_130935/train/231_ExecutionRepositoryInterface.java
../kestra/core/src/main/java/io/kestra/core/models/DeletedInterface.java,data/run_run_20231212_130935/train/232_DeletedInterface.java
../kestra/core/src/main/java/io/kestra/core/models/templates/Template.java,data/run_run_20231212_130935/train/233_Template.java
../kestra/core/src/main/java/io/kestra/core/serializers/helpers/HandleBarDeserializer.java,data/run_run_20231212_130935/train/234_HandleBarDeserializer.java
../kestra/core/src/main/java/io/kestra/core/runners/RunContext.java,data/run_run_20231212_130935/train/235_RunContext.java
../kestra/core/src/test/java/io/kestra/core/tasks/test/SleepTrigger.java,data/run_run_20231212_130935/train/236_SleepTrigger.java
../kestra/core/src/main/java/io/kestra/core/validations/CronExpression.java,data/run_run_20231212_130935/train/237_CronExpression.java
../kestra/core/src/main/java/io/kestra/core/docs/Plugin.java,data/run_run_20231212_130935/train/238_Plugin.java
../kestra/core/src/main/java/io/kestra/core/runners/WorkerTaskResult.java,data/run_run_20231212_130935/train/239_WorkerTaskResult.java
../kestra/core/src/main/java/io/kestra/core/runners/RunnerUtils.java,data/run_run_20231212_130935/train/240_RunnerUtils.java
../kestra/storage-local/src/main/java/io/kestra/storage/local/LocalStorage.java,data/run_run_20231212_130935/train/241_LocalStorage.java
../kestra/core/src/main/java/io/kestra/core/runners/WorkerTaskExecution.java,data/run_run_20231212_130935/train/242_WorkerTaskExecution.java
../kestra/core/src/main/java/io/kestra/core/docs/SchemaType.java,data/run_run_20231212_130935/train/243_SchemaType.java
../kestra/core/src/main/java/io/kestra/core/models/topologies/FlowRelation.java,data/run_run_20231212_130935/train/244_FlowRelation.java
../kestra/jdbc-mysql/src/main/java/io/kestra/runner/mysql/MysqlWorkerTaskExecutionStorage.java,data/run_run_20231212_130935/train/245_MysqlWorkerTaskExecutionStorage.java
../kestra/core/src/main/java/io/kestra/core/models/conditions/types/VariableCondition.java,data/run_run_20231212_130935/train/246_VariableCondition.java
../kestra/core/src/main/java/io/kestra/core/tasks/storages/PurgeExecution.java,data/run_run_20231212_130935/train/247_PurgeExecution.java
../kestra/core/src/main/java/io/kestra/core/services/AbstractFlowTriggerService.java,data/run_run_20231212_130935/train/248_AbstractFlowTriggerService.java
../kestra/jdbc-h2/src/main/java/io/kestra/repository/h2/H2TriggerRepository.java,data/run_run_20231212_130935/train/249_H2TriggerRepository.java
../kestra/core/src/main/java/io/kestra/core/runners/RunContextLogger.java,data/run_run_20231212_130935/train/250_RunContextLogger.java
../kestra/cli/src/main/java/io/kestra/cli/services/NoOpStartupHook.java,data/run_run_20231212_130935/train/251_NoOpStartupHook.java
../kestra/core/src/main/java/io/kestra/core/validations/validator/RegexValidator.java,data/run_run_20231212_130935/train/252_RegexValidator.java
../kestra/core/src/main/java/io/kestra/core/runners/pebble/filters/DateAddFilter.java,data/run_run_20231212_130935/train/253_DateAddFilter.java
../kestra/runner-memory/src/main/java/io/kestra/runner/memory/MemoryQueueFactory.java,data/run_run_20231212_130935/train/254_MemoryQueueFactory.java
../kestra/jdbc-mysql/src/main/java/io/kestra/repository/mysql/MysqlFlowRepositoryService.java,data/run_run_20231212_130935/train/255_MysqlFlowRepositoryService.java
../kestra/repository-memory/src/main/java/io/kestra/repository/memory/MemoryExecutionRepository.java,data/run_run_20231212_130935/train/256_MemoryExecutionRepository.java
../kestra/core/src/main/java/io/kestra/core/models/executions/AbstractMetricEntry.java,data/run_run_20231212_130935/train/257_AbstractMetricEntry.java
../kestra/core/src/main/java/io/kestra/core/models/topologies/FlowTopologyGraph.java,data/run_run_20231212_130935/train/258_FlowTopologyGraph.java
../kestra/core/src/main/java/io/kestra/core/models/collectors/ConfigurationUsage.java,data/run_run_20231212_130935/train/259_ConfigurationUsage.java
../kestra/core/src/main/java/io/kestra/core/tasks/flows/WorkingDirectory.java,data/run_run_20231212_130935/train/260_WorkingDirectory.java
../kestra/core/src/main/java/io/kestra/core/endpoints/SchedulerEndpoint.java,data/run_run_20231212_130935/train/261_SchedulerEndpoint.java
../kestra/core/src/main/java/io/kestra/core/exceptions/IllegalVariableEvaluationException.java,data/run_run_20231212_130935/train/262_IllegalVariableEvaluationException.java
../kestra/webserver/src/main/java/io/kestra/webserver/utils/filepreview/DefaultFileRender.java,data/run_run_20231212_130935/train/263_DefaultFileRender.java
../kestra/cli/src/main/java/io/kestra/cli/commands/servers/ServerCommand.java,data/run_run_20231212_130935/train/264_ServerCommand.java
../kestra/core/src/main/java/io/kestra/core/models/triggers/types/Schedule.java,data/run_run_20231212_130935/train/265_Schedule.java
../kestra/core/src/main/java/io/kestra/core/tasks/storages/Delete.java,data/run_run_20231212_130935/train/266_Delete.java
../kestra/webserver/src/main/java/io/kestra/webserver/controllers/BlueprintController.java,data/run_run_20231212_130935/train/267_BlueprintController.java
../kestra/core/src/main/java/io/kestra/core/models/triggers/PollingTriggerInterface.java,data/run_run_20231212_130935/train/268_PollingTriggerInterface.java
../kestra/jdbc/src/main/java/io/kestra/jdbc/runner/AbstractJdbcMultipleConditionStorage.java,data/run_run_20231212_130935/train/269_AbstractJdbcMultipleConditionStorage.java
../kestra/jdbc/src/main/java/io/kestra/jdbc/runner/JdbcScheduler.java,data/run_run_20231212_130935/train/270_JdbcScheduler.java
../kestra/core/src/main/java/io/kestra/core/contexts/KestraClassLoader.java,data/run_run_20231212_130935/train/271_KestraClassLoader.java
../kestra/webserver/src/main/java/io/kestra/webserver/controllers/WorkerInstanceController.java,data/run_run_20231212_130935/train/272_WorkerInstanceController.java
../kestra/jdbc-h2/src/main/java/io/kestra/repository/h2/H2MetricRepository.java,data/run_run_20231212_130935/train/273_H2MetricRepository.java
../kestra/core/src/main/java/io/kestra/core/models/collectors/FlowUsage.java,data/run_run_20231212_130935/train/274_FlowUsage.java
../kestra/core/src/main/java/io/kestra/core/models/annotations/Examples.java,data/run_run_20231212_130935/train/275_Examples.java
../kestra/core/src/main/java/io/kestra/core/utils/ThreadUncaughtExceptionHandlers.java,data/run_run_20231212_130935/train/276_ThreadUncaughtExceptionHandlers.java
../kestra/webserver/src/main/java/io/kestra/webserver/controllers/TaskRunController.java,data/run_run_20231212_130935/train/277_TaskRunController.java
../kestra/core/src/main/java/io/kestra/core/validations/JsonString.java,data/run_run_20231212_130935/train/278_JsonString.java
../kestra/jdbc/src/main/java/io/kestra/jdbc/runner/AbstractJdbcExecutionQueuedStorage.java,data/run_run_20231212_130935/train/279_AbstractJdbcExecutionQueuedStorage.java
../kestra/core/src/main/java/io/kestra/core/models/conditions/types/DayWeekInMonthCondition.java,data/run_run_20231212_130935/train/280_DayWeekInMonthCondition.java
../kestra/core/src/main/java/io/kestra/core/events/CrudEvent.java,data/run_run_20231212_130935/train/281_CrudEvent.java
../kestra/cli/src/main/java/io/kestra/cli/commands/servers/AbstractServerCommand.java,data/run_run_20231212_130935/train/282_AbstractServerCommand.java
../kestra/core/src/main/java/io/kestra/core/validations/validator/DateFormatValidator.java,data/run_run_20231212_130935/train/283_DateFormatValidator.java
../kestra/core/src/main/java/io/kestra/core/models/topologies/FlowNode.java,data/run_run_20231212_130935/train/284_FlowNode.java
../kestra/core/src/main/java/io/kestra/core/runners/Indexer.java,data/run_run_20231212_130935/train/285_Indexer.java
../kestra/core/src/main/java/io/kestra/core/validations/validator/ScheduleValidator.java,data/run_run_20231212_130935/train/286_ScheduleValidator.java
../kestra/core/src/main/java/io/kestra/core/runners/ExecutionQueued.java,data/run_run_20231212_130935/train/287_ExecutionQueued.java
../kestra/core/src/main/java/io/kestra/core/utils/TruthUtils.java,data/run_run_20231212_130935/train/288_TruthUtils.java
../kestra/cli/src/main/java/io/kestra/cli/commands/plugins/PluginListCommand.java,data/run_run_20231212_130935/train/289_PluginListCommand.java
../kestra/jdbc-h2/src/main/java/io/kestra/runner/h2/H2QueueFactory.java,data/run_run_20231212_130935/train/290_H2QueueFactory.java
../kestra/jdbc-h2/src/main/java/io/kestra/repository/h2/H2ExecutionRepositoryService.java,data/run_run_20231212_130935/train/291_H2ExecutionRepositoryService.java
../kestra/jdbc-mysql/src/main/java/io/kestra/repository/mysql/MysqlLogRepository.java,data/run_run_20231212_130935/train/292_MysqlLogRepository.java
../kestra/core/src/main/java/io/kestra/core/contexts/KestraApplicationContext.java,data/run_run_20231212_130935/train/293_KestraApplicationContext.java
../kestra/core/src/main/java/io/kestra/core/tasks/states/package-info.java,data/run_run_20231212_130935/train/294_package-info.java
../kestra/core/src/main/java/io/kestra/core/models/triggers/multipleflows/MultipleConditionStorageInterface.java,data/run_run_20231212_130935/train/295_MultipleConditionStorageInterface.java
../kestra/repository-memory/src/main/java/io/kestra/repository/memory/MemoryTemplateRepository.java,data/run_run_20231212_130935/train/296_MemoryTemplateRepository.java
../kestra/core/src/main/java/io/kestra/core/tasks/flows/Parallel.java,data/run_run_20231212_130935/train/297_Parallel.java
../kestra/core/src/main/java/io/kestra/core/models/tasks/WorkerGroup.java,data/run_run_20231212_130935/train/298_WorkerGroup.java
../kestra/cli/src/main/java/io/kestra/cli/commands/servers/IndexerCommand.java,data/run_run_20231212_130935/train/299_IndexerCommand.java
../kestra/core/src/main/java/io/kestra/core/models/templates/TemplateEnabled.java,data/run_run_20231212_130935/train/300_TemplateEnabled.java
../kestra/core/src/main/java/io/kestra/core/models/tasks/VoidOutput.java,data/run_run_20231212_130935/train/301_VoidOutput.java
../kestra/cli/src/main/java/io/kestra/cli/commands/flows/FlowCommand.java,data/run_run_20231212_130935/train/302_FlowCommand.java
../kestra/core/src/main/java/io/kestra/core/runners/pebble/filters/SubstringAfterFilter.java,data/run_run_20231212_130935/train/303_SubstringAfterFilter.java
../kestra/core/src/main/java/io/kestra/core/models/executions/NextTaskRun.java,data/run_run_20231212_130935/train/304_NextTaskRun.java
../kestra/core/src/main/java/io/kestra/core/models/flows/input/TimeInput.java,data/run_run_20231212_130935/train/305_TimeInput.java
../kestra/cli/src/main/java/io/kestra/cli/commands/AbstractServiceNamespaceUpdateCommand.java,data/run_run_20231212_130935/train/306_AbstractServiceNamespaceUpdateCommand.java
../kestra/webserver/src/main/java/io/kestra/webserver/controllers/ApiController.java,data/run_run_20231212_130935/train/307_ApiController.java
../kestra/core/src/main/java/io/kestra/core/runners/handlebars/helpers/DateHelper.java,data/run_run_20231212_130935/train/308_DateHelper.java
../kestra/cli/src/main/java/io/kestra/cli/commands/sys/ReindexCommand.java,data/run_run_20231212_130935/train/309_ReindexCommand.java
../kestra/jdbc-mysql/src/main/java/io/kestra/repository/mysql/MysqlExecutionRepositoryService.java,data/run_run_20231212_130935/train/310_MysqlExecutionRepositoryService.java
../kestra/core/src/main/java/io/kestra/core/schedulers/DefaultScheduler.java,data/run_run_20231212_130935/train/311_DefaultScheduler.java
../kestra/jdbc-mysql/src/main/java/io/kestra/repository/mysql/MysqlRepository.java,data/run_run_20231212_130935/train/312_MysqlRepository.java
../kestra/core/src/main/java/io/kestra/core/tasks/debugs/Echo.java,data/run_run_20231212_130935/train/313_Echo.java
../kestra/core/src/main/java/io/kestra/core/queues/QueueFactoryInterface.java,data/run_run_20231212_130935/train/314_QueueFactoryInterface.java
../kestra/webserver/src/main/java/io/kestra/webserver/controllers/ErrorController.java,data/run_run_20231212_130935/train/315_ErrorController.java
../kestra/core/src/main/java/io/kestra/core/runners/ExecutionDelay.java,data/run_run_20231212_130935/train/316_ExecutionDelay.java
../kestra/core/src/main/java/io/kestra/core/runners/FilesService.java,data/run_run_20231212_130935/train/317_FilesService.java
../kestra/core/src/main/java/io/kestra/core/repositories/ArrayListTotal.java,data/run_run_20231212_130935/train/318_ArrayListTotal.java
../kestra/jdbc-postgres/src/main/java/io/kestra/runner/postgres/PostgresMultipleConditionStorage.java,data/run_run_20231212_130935/train/319_PostgresMultipleConditionStorage.java
../kestra/core/src/main/java/io/kestra/core/models/hierarchies/RelationType.java,data/run_run_20231212_130935/train/320_RelationType.java
../kestra/core/src/main/java/io/kestra/core/models/conditions/ScheduleCondition.java,data/run_run_20231212_130935/train/321_ScheduleCondition.java
../kestra/core/src/main/java/io/kestra/core/runners/pebble/Extension.java,data/run_run_20231212_130935/train/322_Extension.java
../kestra/jdbc-h2/src/main/java/io/kestra/repository/h2/H2TemplateRepository.java,data/run_run_20231212_130935/train/323_H2TemplateRepository.java
../kestra/core/src/main/java/io/kestra/core/tasks/flows/Flow.java,data/run_run_20231212_130935/train/324_Flow.java
../kestra/core/src/main/java/io/kestra/core/tasks/storages/Size.java,data/run_run_20231212_130935/train/325_Size.java
../kestra/cli/src/main/java/io/kestra/cli/AbstractCommand.java,data/run_run_20231212_130935/train/326_AbstractCommand.java
../kestra/core/src/main/java/io/kestra/core/validations/WebhookValidation.java,data/run_run_20231212_130935/train/327_WebhookValidation.java
../kestra/jdbc/src/main/java/io/kestra/jdbc/AbstractJdbcRepository.java,data/run_run_20231212_130935/train/328_AbstractJdbcRepository.java
../kestra/core/src/main/java/io/kestra/core/runners/pebble/JsonWriter.java,data/run_run_20231212_130935/train/329_JsonWriter.java
../kestra/core/src/test/java/io/kestra/core/tasks/test/Read.java,data/run_run_20231212_130935/train/330_Read.java
../kestra/jdbc/src/main/java/io/kestra/jdbc/repository/JdbcFlowRepositoryService.java,data/run_run_20231212_130935/train/331_JdbcFlowRepositoryService.java
../kestra/core/src/main/java/io/kestra/core/services/InstanceService.java,data/run_run_20231212_130935/train/332_InstanceService.java
../kestra/core/src/main/java/io/kestra/core/models/hierarchies/SubflowGraphCluster.java,data/run_run_20231212_130935/train/333_SubflowGraphCluster.java
../kestra/core/src/main/java/io/kestra/core/docs/AbstractClassDocumentation.java,data/run_run_20231212_130935/train/334_AbstractClassDocumentation.java
../kestra/jdbc-h2/src/main/java/io/kestra/runner/h2/H2QueueEnabled.java,data/run_run_20231212_130935/train/335_H2QueueEnabled.java
../kestra/webserver/src/main/java/io/kestra/webserver/utils/PageableUtils.java,data/run_run_20231212_130935/train/336_PageableUtils.java
../kestra/core/src/main/java/io/kestra/core/queues/QueueException.java,data/run_run_20231212_130935/train/337_QueueException.java
../kestra/webserver/src/main/java/io/kestra/webserver/controllers/LogController.java,data/run_run_20231212_130935/train/338_LogController.java
../kestra/jdbc-postgres/src/main/java/io/kestra/repository/postgres/PostgresTriggerRepository.java,data/run_run_20231212_130935/train/339_PostgresTriggerRepository.java
../kestra/core/src/main/java/io/kestra/core/validations/Regex.java,data/run_run_20231212_130935/train/340_Regex.java
../kestra/core/src/main/java/io/kestra/core/runners/pebble/filters/JsonFilter.java,data/run_run_20231212_130935/train/341_JsonFilter.java
../kestra/core/src/main/java/io/kestra/core/contexts/KestraApplicationContextBuilder.java,data/run_run_20231212_130935/train/342_KestraApplicationContextBuilder.java
../kestra/core/src/main/java/io/kestra/core/models/tasks/TaskResult.java,data/run_run_20231212_130935/train/343_TaskResult.java
../kestra/core/src/main/java/io/kestra/core/tenant/TenantService.java,data/run_run_20231212_130935/train/344_TenantService.java
../kestra/core/src/main/java/io/kestra/core/models/conditions/types/DateTimeBetweenCondition.java,data/run_run_20231212_130935/train/345_DateTimeBetweenCondition.java
../kestra/jdbc-mysql/src/main/java/io/kestra/repository/mysql/MysqlFlowTopologyRepository.java,data/run_run_20231212_130935/train/346_MysqlFlowTopologyRepository.java
../kestra/core/src/main/java/io/kestra/core/runners/handlebars/helpers/JsonHelper.java,data/run_run_20231212_130935/train/347_JsonHelper.java
../kestra/core/src/main/java/io/kestra/core/runners/RunContextCache.java,data/run_run_20231212_130935/train/348_RunContextCache.java
../kestra/core/src/main/java/io/kestra/core/models/conditions/Condition.java,data/run_run_20231212_130935/train/349_Condition.java
../kestra/core/src/main/java/io/kestra/core/services/GraphService.java,data/run_run_20231212_130935/train/350_GraphService.java
../kestra/core/src/main/java/io/kestra/core/models/executions/statistics/DailyExecutionStatistics.java,data/run_run_20231212_130935/train/351_DailyExecutionStatistics.java
../kestra/jdbc-h2/src/main/java/io/kestra/runner/h2/H2WorkerJobQueue.java,data/run_run_20231212_130935/train/352_H2WorkerJobQueue.java
../kestra/core/src/main/java/io/kestra/core/runners/pebble/filters/KeysFilter.java,data/run_run_20231212_130935/train/353_KeysFilter.java
../kestra/core/src/main/java/io/kestra/core/validations/validator/WorkingDirectoryTaskValidator.java,data/run_run_20231212_130935/train/354_WorkingDirectoryTaskValidator.java
../kestra/core/src/main/java/io/kestra/core/runners/pebble/functions/NowFunction.java,data/run_run_20231212_130935/train/355_NowFunction.java
../kestra/webserver/src/main/java/io/kestra/webserver/controllers/ExecutionController.java,data/run_run_20231212_130935/train/356_ExecutionController.java
../kestra/core/src/main/java/io/kestra/core/models/conditions/types/WeekendCondition.java,data/run_run_20231212_130935/train/357_WeekendCondition.java
../kestra/core/src/main/java/io/kestra/core/runners/ExecutorService.java,data/run_run_20231212_130935/train/358_ExecutorService.java
../kestra/core/src/main/java/io/kestra/core/repositories/MetricRepositoryInterface.java,data/run_run_20231212_130935/train/359_MetricRepositoryInterface.java
../kestra/core/src/main/java/io/kestra/core/runners/handlebars/helpers/OtherStringsHelper.java,data/run_run_20231212_130935/train/360_OtherStringsHelper.java
../kestra/webserver/src/main/java/io/kestra/webserver/responses/BulkResponse.java,data/run_run_20231212_130935/train/361_BulkResponse.java
../kestra/core/src/main/java/io/kestra/core/secret/SecretService.java,data/run_run_20231212_130935/train/362_SecretService.java
../kestra/runner-memory/src/main/java/io/kestra/runner/memory/MemorySchedulerTriggerState.java,data/run_run_20231212_130935/train/363_MemorySchedulerTriggerState.java
../kestra/core/src/main/java/io/kestra/core/utils/UriProvider.java,data/run_run_20231212_130935/train/364_UriProvider.java
../kestra/core/src/main/java/io/kestra/core/serializers/ion/IonParser.java,data/run_run_20231212_130935/train/365_IonParser.java
../kestra/jdbc-h2/src/main/java/io/kestra/repository/h2/H2FlowRepositoryService.java,data/run_run_20231212_130935/train/366_H2FlowRepositoryService.java
../kestra/jdbc-mysql/src/main/java/io/kestra/runner/mysql/MysqlWorkerTriggerResultQueue.java,data/run_run_20231212_130935/train/367_MysqlWorkerTriggerResultQueue.java
../kestra/jdbc-postgres/src/main/java/io/kestra/repository/postgres/PostgresTemplateRepository.java,data/run_run_20231212_130935/train/368_PostgresTemplateRepository.java
../kestra/core/src/main/java/io/kestra/core/models/conditions/ConditionContext.java,data/run_run_20231212_130935/train/369_ConditionContext.java
../kestra/core/src/main/java/io/kestra/core/services/TaskGlobalDefaultConfiguration.java,data/run_run_20231212_130935/train/370_TaskGlobalDefaultConfiguration.java
../kestra/core/src/main/java/io/kestra/core/models/hierarchies/Graph.java,data/run_run_20231212_130935/train/371_Graph.java
../kestra/jdbc-mysql/src/main/java/io/kestra/repository/mysql/MysqlRepositoryEnabled.java,data/run_run_20231212_130935/train/372_MysqlRepositoryEnabled.java
../kestra/core/src/main/java/io/kestra/core/tasks/flows/Worker.java,data/run_run_20231212_130935/train/373_Worker.java
../kestra/cli/src/main/java/io/kestra/cli/commands/templates/TemplateExportCommand.java,data/run_run_20231212_130935/train/374_TemplateExportCommand.java
../kestra/webserver/src/main/java/io/kestra/webserver/controllers/RedirectController.java,data/run_run_20231212_130935/train/375_RedirectController.java
../kestra/core/src/main/java/io/kestra/core/serializers/ion/IonGenerator.java,data/run_run_20231212_130935/train/376_IonGenerator.java
../kestra/webserver/src/main/java/io/kestra/webserver/utils/filepreview/IonFileRender.java,data/run_run_20231212_130935/train/377_IonFileRender.java
../kestra/runner-memory/src/main/java/io/kestra/runner/memory/MemoryMultipleConditionStorage.java,data/run_run_20231212_130935/train/378_MemoryMultipleConditionStorage.java
../kestra/core/src/main/java/io/kestra/core/models/collectors/HostUsage.java,data/run_run_20231212_130935/train/379_HostUsage.java
../kestra/core/src/main/java/io/kestra/core/queues/QueueService.java,data/run_run_20231212_130935/train/380_QueueService.java
../kestra/core/src/main/java/io/kestra/core/models/validations/ValidateConstraintViolation.java,data/run_run_20231212_130935/train/381_ValidateConstraintViolation.java
../kestra/core/src/main/java/io/kestra/core/models/flows/input/DateTimeInput.java,data/run_run_20231212_130935/train/382_DateTimeInput.java
../kestra/core/src/main/java/io/kestra/core/models/Label.java,data/run_run_20231212_130935/train/383_Label.java
../kestra/core/src/main/java/io/kestra/core/tasks/flows/EachParallel.java,data/run_run_20231212_130935/train/384_EachParallel.java
../kestra/jdbc-mysql/src/main/java/io/kestra/repository/mysql/MysqlExecutionRepository.java,data/run_run_20231212_130935/train/385_MysqlExecutionRepository.java
../kestra/repository-memory/src/main/java/io/kestra/repository/memory/MemoryMetricRepository.java,data/run_run_20231212_130935/train/386_MemoryMetricRepository.java
../kestra/jdbc/src/main/java/io/kestra/jdbc/repository/AbstractJdbcTriggerRepository.java,data/run_run_20231212_130935/train/387_AbstractJdbcTriggerRepository.java
../kestra/core/src/main/java/io/kestra/core/runners/pebble/expression/NullCoalescingExpression.java,data/run_run_20231212_130935/train/388_NullCoalescingExpression.java
../kestra/core/src/main/java/io/kestra/core/models/triggers/TriggerContext.java,data/run_run_20231212_130935/train/389_TriggerContext.java
../kestra/core/src/main/java/io/kestra/core/tasks/PluginUtilsService.java,data/run_run_20231212_130935/train/390_PluginUtilsService.java
../kestra/core/src/main/java/io/kestra/core/runners/handlebars/VariableRendererPlugins.java,data/run_run_20231212_130935/train/391_VariableRendererPlugins.java
../kestra/core/src/main/java/io/kestra/core/models/flows/TaskDefault.java,data/run_run_20231212_130935/train/392_TaskDefault.java
../kestra/core/src/main/java/io/kestra/core/services/DefaultFlowTriggerService.java,data/run_run_20231212_130935/train/393_DefaultFlowTriggerService.java
../kestra/core/src/main/java/io/kestra/core/runners/pebble/AbstractDate.java,data/run_run_20231212_130935/train/394_AbstractDate.java
../kestra/core/src/main/java/io/kestra/core/validations/validator/FlowValidator.java,data/run_run_20231212_130935/train/395_FlowValidator.java
../kestra/core/src/main/java/io/kestra/core/contexts/KestraValidator.java,data/run_run_20231212_130935/train/396_KestraValidator.java
../kestra/core/src/main/java/io/kestra/core/schedulers/Scheduler.java,data/run_run_20231212_130935/train/397_Scheduler.java
../kestra/core/src/main/java/io/kestra/core/runners/Worker.java,data/run_run_20231212_130935/train/398_Worker.java
../kestra/core/src/main/java/io/kestra/core/models/executions/LogEntry.java,data/run_run_20231212_130935/train/399_LogEntry.java
../kestra/core/src/main/java/io/kestra/core/models/validations/ManualConstraintViolation.java,data/run_run_20231212_130935/train/400_ManualConstraintViolation.java
../kestra/webserver/src/main/java/io/kestra/webserver/responses/BulkErrorResponse.java,data/run_run_20231212_130935/train/401_BulkErrorResponse.java
../kestra/core/src/main/java/io/kestra/core/models/hierarchies/AbstractGraphTrigger.java,data/run_run_20231212_130935/train/402_AbstractGraphTrigger.java
../kestra/core/src/main/java/io/kestra/core/docs/JsonSchemaGenerator.java,data/run_run_20231212_130935/train/403_JsonSchemaGenerator.java
../kestra/cli/src/main/java/io/kestra/cli/commands/servers/ServerCommandInterface.java,data/run_run_20231212_130935/train/404_ServerCommandInterface.java
../kestra/repository-memory/src/main/java/io/kestra/repository/memory/MemoryTriggerRepository.java,data/run_run_20231212_130935/train/405_MemoryTriggerRepository.java
../kestra/jdbc/src/main/java/io/kestra/jdbc/JooqDSLContextWrapper.java,data/run_run_20231212_130935/train/406_JooqDSLContextWrapper.java
../kestra/jdbc-mysql/src/main/java/io/kestra/runner/mysql/MysqlExecutionDelayStorage.java,data/run_run_20231212_130935/train/407_MysqlExecutionDelayStorage.java
../kestra/jdbc-h2/src/main/java/io/kestra/repository/h2/H2Repository.java,data/run_run_20231212_130935/train/408_H2Repository.java
../kestra/core/src/main/java/io/kestra/core/plugins/PluginClassLoader.java,data/run_run_20231212_130935/train/409_PluginClassLoader.java
../kestra/webserver/src/main/java/io/kestra/webserver/controllers/MetricController.java,data/run_run_20231212_130935/train/410_MetricController.java
../kestra/core/src/main/java/io/kestra/core/models/conditions/types/NotCondition.java,data/run_run_20231212_130935/train/411_NotCondition.java
../kestra/cli/src/main/java/io/kestra/cli/commands/plugins/PluginInstallCommand.java,data/run_run_20231212_130935/train/412_PluginInstallCommand.java
../kestra/core/src/main/java/io/kestra/core/tasks/log/Log.java,data/run_run_20231212_130935/train/413_Log.java
../kestra/core/src/main/java/io/kestra/core/models/tasks/NamespaceFiles.java,data/run_run_20231212_130935/train/414_NamespaceFiles.java
../kestra/core/src/main/java/io/kestra/core/validations/SwitchTaskValidation.java,data/run_run_20231212_130935/train/415_SwitchTaskValidation.java
../kestra/core/src/main/java/io/kestra/core/models/triggers/types/Webhook.java,data/run_run_20231212_130935/train/416_Webhook.java
../kestra/webserver/src/main/java/io/kestra/webserver/exceptions/IllegalArgumentExceptionHandler.java,data/run_run_20231212_130935/train/417_IllegalArgumentExceptionHandler.java
../kestra/core/src/main/java/io/kestra/core/endpoints/BasicAuthEndpointsFilter.java,data/run_run_20231212_130935/train/418_BasicAuthEndpointsFilter.java
../kestra/core/src/main/java/io/kestra/core/runners/ExecutorInterface.java,data/run_run_20231212_130935/train/419_ExecutorInterface.java
../kestra/core/src/main/java/io/kestra/core/services/Graph2DotService.java,data/run_run_20231212_130935/train/420_Graph2DotService.java
../kestra/core/src/test/java/io/kestra/core/tasks/test/BadExecutable.java,data/run_run_20231212_130935/train/421_BadExecutable.java
../kestra/core/src/main/java/io/kestra/core/listeners/RetryEvents.java,data/run_run_20231212_130935/train/422_RetryEvents.java
../kestra/core/src/main/java/io/kestra/core/utils/DateUtils.java,data/run_run_20231212_130935/train/423_DateUtils.java
../kestra/core/src/main/java/io/kestra/core/runners/Executor.java,data/run_run_20231212_130935/train/424_Executor.java
../kestra/jdbc/src/main/java/io/kestra/jdbc/repository/AbstractJdbcWorkerJobRunningRepository.java,data/run_run_20231212_130935/train/425_AbstractJdbcWorkerJobRunningRepository.java
../kestra/core/src/main/java/io/kestra/core/plugins/PluginScanner.java,data/run_run_20231212_130935/train/426_PluginScanner.java
../kestra/core/src/main/java/io/kestra/core/validations/validator/SwitchTaskValidator.java,data/run_run_20231212_130935/train/427_SwitchTaskValidator.java
../kestra/core/src/main/java/io/kestra/core/models/flows/input/BooleanInput.java,data/run_run_20231212_130935/train/428_BooleanInput.java
../kestra/jdbc/src/main/java/io/kestra/jdbc/runner/AbstractJdbcWorkerTaskExecutionStorage.java,data/run_run_20231212_130935/train/429_AbstractJdbcWorkerTaskExecutionStorage.java
../kestra/core/src/main/java/io/kestra/core/models/validations/ManualPath.java,data/run_run_20231212_130935/train/430_ManualPath.java
../kestra/cli/src/main/java/io/kestra/cli/commands/configs/sys/ConfigCommand.java,data/run_run_20231212_130935/train/431_ConfigCommand.java
../kestra/core/src/main/java/io/kestra/core/utils/ThreadMainFactoryBuilder.java,data/run_run_20231212_130935/train/432_ThreadMainFactoryBuilder.java
../kestra/cli/src/main/java/io/kestra/cli/listeners/DeleteConfigurationApplicationListeners.java,data/run_run_20231212_130935/train/433_DeleteConfigurationApplicationListeners.java
../kestra/core/src/main/java/io/kestra/core/runners/pebble/filters/UrlDecoderFilter.java,data/run_run_20231212_130935/train/434_UrlDecoderFilter.java
../kestra/cli/src/main/java/io/kestra/cli/commands/templates/TemplateCommand.java,data/run_run_20231212_130935/train/435_TemplateCommand.java
../kestra/core/src/main/java/io/kestra/core/serializers/ion/IonFactory.java,data/run_run_20231212_130935/train/436_IonFactory.java
../kestra/jdbc-h2/src/main/java/io/kestra/runner/h2/H2Functions.java,data/run_run_20231212_130935/train/437_H2Functions.java
../kestra/core/src/main/java/io/kestra/core/models/flows/State.java,data/run_run_20231212_130935/train/438_State.java
../kestra/core/src/main/java/io/kestra/core/docs/ClassPluginDocumentation.java,data/run_run_20231212_130935/train/439_ClassPluginDocumentation.java
../kestra/cli/src/main/java/io/kestra/cli/commands/flows/IncludeHelperExpander.java,data/run_run_20231212_130935/train/440_IncludeHelperExpander.java
../kestra/core/src/main/java/io/kestra/core/utils/Rethrow.java,data/run_run_20231212_130935/train/441_Rethrow.java
../kestra/jdbc-mysql/src/main/java/io/kestra/repository/mysql/MysqlWorkerInstanceRepository.java,data/run_run_20231212_130935/train/442_MysqlWorkerInstanceRepository.java
../kestra/core/src/main/java/io/kestra/core/models/validations/ManualPropertyNode.java,data/run_run_20231212_130935/train/443_ManualPropertyNode.java
../kestra/core/src/main/java/io/kestra/core/models/hierarchies/GraphClusterRoot.java,data/run_run_20231212_130935/train/444_GraphClusterRoot.java
../kestra/core/src/main/java/io/kestra/core/runners/DefaultFlowExecutor.java,data/run_run_20231212_130935/train/445_DefaultFlowExecutor.java
../kestra/core/src/main/java/io/kestra/core/storages/StorageSplitInterface.java,data/run_run_20231212_130935/train/446_StorageSplitInterface.java
../kestra/core/src/main/java/io/kestra/core/repositories/SaveRepositoryInterface.java,data/run_run_20231212_130935/train/447_SaveRepositoryInterface.java
../kestra/core/src/main/java/io/kestra/core/metrics/GlobalTagsConfigurer.java,data/run_run_20231212_130935/train/448_GlobalTagsConfigurer.java
../kestra/webserver/src/main/java/io/kestra/webserver/controllers/PluginController.java,data/run_run_20231212_130935/train/449_PluginController.java
../kestra/cli/src/main/java/io/kestra/cli/AbstractApiCommand.java,data/run_run_20231212_130935/train/450_AbstractApiCommand.java
../kestra/jdbc/src/main/java/io/kestra/jdbc/runner/JdbcExecutor.java,data/run_run_20231212_130935/train/451_JdbcExecutor.java
../kestra/jdbc-mysql/src/main/java/io/kestra/repository/mysql/MysqlTemplateRepository.java,data/run_run_20231212_130935/train/452_MysqlTemplateRepository.java
../kestra/core/src/main/java/io/kestra/core/models/conditions/types/MultipleCondition.java,data/run_run_20231212_130935/train/453_MultipleCondition.java
../kestra/core/src/main/java/io/kestra/core/validations/WorkerGroupValidation.java,data/run_run_20231212_130935/train/454_WorkerGroupValidation.java
../kestra/jdbc/src/main/java/io/kestra/jdbc/repository/AbstractJdbcRepository.java,data/run_run_20231212_130935/train/455_AbstractJdbcRepository.java
../kestra/core/src/main/java/io/kestra/core/runners/RunContextFactory.java,data/run_run_20231212_130935/train/456_RunContextFactory.java
../kestra/jdbc-mysql/src/main/java/io/kestra/runner/mysql/MysqlQueueEnabled.java,data/run_run_20231212_130935/train/457_MysqlQueueEnabled.java
../kestra/core/src/main/java/io/kestra/core/services/CollectorService.java,data/run_run_20231212_130935/train/458_CollectorService.java
../kestra/core/src/main/java/io/kestra/core/runners/pebble/filters/JqFilter.java,data/run_run_20231212_130935/train/459_JqFilter.java
../kestra/core/src/main/java/io/kestra/core/utils/VersionProvider.java,data/run_run_20231212_130935/train/460_VersionProvider.java
../kestra/core/src/main/java/io/kestra/core/models/flows/input/FloatInput.java,data/run_run_20231212_130935/train/461_FloatInput.java
../kestra/jdbc/src/main/java/io/kestra/jdbc/repository/AbstractJdbcTemplateRepository.java,data/run_run_20231212_130935/train/462_AbstractJdbcTemplateRepository.java
../kestra/core/src/main/java/io/kestra/core/runners/pebble/filters/TimestampMicroFilter.java,data/run_run_20231212_130935/train/463_TimestampMicroFilter.java
../kestra/core/src/main/java/io/kestra/core/utils/MapUtils.java,data/run_run_20231212_130935/train/464_MapUtils.java
../kestra/core/src/main/java/io/kestra/core/utils/Slugify.java,data/run_run_20231212_130935/train/465_Slugify.java
../kestra/jdbc-h2/src/main/java/io/kestra/repository/h2/H2ExecutionRepository.java,data/run_run_20231212_130935/train/466_H2ExecutionRepository.java
../kestra/jdbc/src/main/java/io/kestra/jdbc/JdbcWorkerTriggerResultQueueService.java,data/run_run_20231212_130935/train/467_JdbcWorkerTriggerResultQueueService.java
../kestra/jdbc-h2/src/main/java/io/kestra/runner/h2/H2ExecutionQueuedStorage.java,data/run_run_20231212_130935/train/468_H2ExecutionQueuedStorage.java
../kestra/jdbc/src/main/java/io/kestra/jdbc/runner/JdbcRunnerEnabled.java,data/run_run_20231212_130935/train/469_JdbcRunnerEnabled.java
../kestra/cli/src/main/java/io/kestra/cli/AbstractValidateCommand.java,data/run_run_20231212_130935/train/470_AbstractValidateCommand.java
../kestra/core/src/main/java/io/kestra/core/models/annotations/Metric.java,data/run_run_20231212_130935/train/471_Metric.java
../kestra/core/src/main/java/io/kestra/core/tasks/storages/Concat.java,data/run_run_20231212_130935/train/472_Concat.java
../kestra/core/src/main/java/io/kestra/core/models/executions/TaskRunAttempt.java,data/run_run_20231212_130935/train/473_TaskRunAttempt.java
../kestra/core/src/main/java/io/kestra/core/tasks/flows/AllowFailure.java,data/run_run_20231212_130935/train/474_AllowFailure.java
../kestra/webserver/src/main/java/io/kestra/webserver/controllers/MiscController.java,data/run_run_20231212_130935/train/475_MiscController.java
../kestra/runner-memory/src/main/java/io/kestra/runner/memory/MemoryExecutor.java,data/run_run_20231212_130935/train/476_MemoryExecutor.java
../kestra/jdbc-mysql/src/main/java/io/kestra/runner/mysql/MysqlQueueFactory.java,data/run_run_20231212_130935/train/477_MysqlQueueFactory.java
../kestra/core/src/main/java/io/kestra/core/utils/GraphUtils.java,data/run_run_20231212_130935/train/478_GraphUtils.java
../kestra/core/src/main/java/io/kestra/core/runners/WorkerTask.java,data/run_run_20231212_130935/train/479_WorkerTask.java
../kestra/jdbc-postgres/src/main/java/io/kestra/runner/postgres/PostgresQueue.java,data/run_run_20231212_130935/train/480_PostgresQueue.java
../kestra/jdbc-h2/src/main/java/io/kestra/repository/h2/H2FlowRepository.java,data/run_run_20231212_130935/train/481_H2FlowRepository.java
../kestra/core/src/main/java/io/kestra/core/storages/FileAttributes.java,data/run_run_20231212_130935/train/482_FileAttributes.java
../kestra/core/src/main/java/io/kestra/core/runners/WorkerTaskRunning.java,data/run_run_20231212_130935/train/483_WorkerTaskRunning.java
../kestra/webserver/src/main/java/io/kestra/webserver/services/MarketplaceRequestMapper.java,data/run_run_20231212_130935/train/484_MarketplaceRequestMapper.java
../kestra/core/src/main/java/io/kestra/core/validations/DagTaskValidation.java,data/run_run_20231212_130935/train/485_DagTaskValidation.java
../kestra/jdbc/src/main/java/io/kestra/jdbc/JooqExecuteListenerFactory.java,data/run_run_20231212_130935/train/486_JooqExecuteListenerFactory.java
../kestra/cli/src/main/java/io/kestra/cli/commands/servers/LocalCommand.java,data/run_run_20231212_130935/train/487_LocalCommand.java
