old_path,reason
../kestra/core/src/main/java/io/kestra/core/models/TenantInterface.java,all_relevant_method_bodies
../kestra/core/src/main/java/io/kestra/core/runners/VariableRenderer.java,all_relevant_method_bodies
../kestra/core/src/main/java/io/kestra/core/storages/ImmutableFileAttributes.java,all_relevant_method_bodies
../kestra/core/src/main/java/io/kestra/core/repositories/SettingRepositoryInterface.java,all_relevant_method_bodies
../kestra/core/src/main/java/io/kestra/core/runners/ExecutableUtils.java,all_relevant_method_bodies
../kestra/core/src/main/java/io/kestra/core/schedulers/SchedulerTriggerStateInterface.java,all_relevant_method_bodies
../kestra/jdbc-mysql/src/main/java/io/kestra/runner/mysql/MysqlQueue.java,all_relevant_method_bodies
../kestra/core/src/main/java/io/kestra/core/services/FlowService.java,all_relevant_method_bodies
../kestra/core/src/main/java/io/kestra/core/repositories/WorkerInstanceRepositoryInterface.java,all_relevant_method_bodies
../kestra/core/src/main/java/io/kestra/core/serializers/YamlFlowParser.java,all_relevant_method_bodies
../kestra/core/src/main/java/io/kestra/core/tasks/flows/Dag.java,all_relevant_method_bodies
../kestra/core/src/main/java/io/kestra/core/utils/RetryUtils.java,all_relevant_method_bodies
../kestra/core/src/main/java/io/kestra/core/services/TaskDefaultService.java,all_relevant_method_bodies
../kestra/core/src/main/java/io/kestra/core/plugins/RegisteredPlugin.java,all_relevant_method_bodies
../kestra/core/src/main/java/io/kestra/core/repositories/LogRepositoryInterface.java,all_relevant_method_bodies
../kestra/jdbc/src/main/java/io/kestra/jdbc/runner/JdbcIndexerInterface.java,all_relevant_method_bodies
../kestra/core/src/main/java/io/kestra/core/queues/WorkerTriggerResultQueueInterface.java,all_relevant_method_bodies
../kestra/webserver/src/main/java/io/kestra/webserver/controllers/FlowController.java,all_relevant_method_bodies
../kestra/jdbc-h2/src/main/java/io/kestra/runner/h2/H2Queue.java,all_relevant_method_bodies
../kestra/core/src/main/java/io/kestra/core/models/tasks/ExecutableTask.java,all_relevant_method_bodies
../kestra/core/src/main/java/io/kestra/core/services/FlowListenersInterface.java,all_relevant_method_bodies
../kestra/core/src/main/java/io/kestra/core/queues/QueueInterface.java,all_relevant_method_bodies
../kestra/core/src/main/java/io/kestra/core/tasks/storages/LocalFiles.java,these_relevant_token_indices
../kestra/core/src/main/java/io/kestra/core/tasks/storages/LocalFiles.java,all_relevant_method_bodies
